x,y
31.56,-23.46
40.779,-10.93
41.008,-9.5392
41.275,-9.6229
41.212,-9.4916
41.518,-3.017
39.112,-0.025804
38.588,0.12233
36.857,-0.54934
36.321,-0.29703
35.555,-0.31227
23.404,-23.736
13.814,-39.25
12.976,-39.233
3.2231,-39.902
1.6737,-39.509
2.5079,-39.439
16.074,-18.633
36.967,6.0626
32.992,4.102
33.236,5.0223
33.564,5.731
33.595,6.0066
35.036,12.615
28.551,9.3557
28.85,9.7885
-1.6089,-37.425
-4.2727,-39.696
-5.2562,-37.872
-5.0776,-36.825
-3.294,-40.027
-2.0125,-39.152
-0.76511,-37.097
-0.4163,-37.143
0.24515,-37.299
1.8347,-39.82
1.4674,-40.096
0.49116,-40.333
-0.1122,-40.126
-4.2198,-37.585
-2.195,-41.078
-2.4469,-38.459
-2.3606,-38.143
-2.2853,-38.173
-2.1194,-38.259
1.7494,-42.121
1.7327,-42.171
0.42566,-40.691
-2.4534,-41.386
-3.5989,-40.314
-4.9654,-38.567
-5.8973,-39.36
-6.3799,-39.567
-6.7531,-39.623
-7.0994,-39.63
-7.4617,-39.368
-7.8732,-39.1
-7.8393,-39.151
-7.701,-39.191
-7.7226,-39.184
-7.6909,-39.392
-7.6858,-39.549
-7.3733,-39.027
-7.253,-38.607
-7.6283,-38.249
-8.3626,-37.983
-5.4328,-29.026
0.86157,-18.218
28.57,9.6078
30.454,16.285
29.866,19.307
30.101,19.545
30.714,20.085
29.116,15.051
27.576,13.627
9.8434,-12.81
-6.7874,-25.403
-3.7184,-27.362
-3.2564,-27.144
-3.1426,-26.956
3.2816,-12.595
8.5152,6.5851
10.109,6.845
12.403,6.5551
12.244,6.3765
12.113,6.1536
12,5.8518
11.758,5.1566
9.4015,1.3705
6.438,-11.137
6.7859,-11.51
-3.8903,-15.462
6.7187,-10.874
6.4639,-9.7576
6.4023,-9.1737
14.079,2.3288
14.68,7.6058
32.564,17.255
28.446,15.54
31.387,16.803
28.394,13.658
33.359,7.1431
22.303,7.1239
17.83,3.7813
1.3484,-0.095378
-6.8232,-18.733
-7.4049,-18.972
-8.1158,-19.064
-8.1606,-17.249
-16.283,-29.669
-18.896,-30.68
-19.776,-28.186
-7.3755,-18.213
-6.8113,-18.422
-6.6173,-18.674
-6.4872,-18.68
-5.779,-18.132
-5.9204,-17.632
-6.3013,-17.437
10.096,2.9373
10.095,7.364
12.085,7.7627
12.491,11.289
14.553,14.086
13.504,7.3652
17.172,-1.0384
16.603,-2.1791
17.002,-2.2994
16.557,-1.9258
19.588,-4.4657
13.927,-11.479
10.188,-11.858
8.4346,-11.608
8.5201,-11.942
8.675,-11.856
8.8454,-11.766
9.3716,-11.713
10.038,-12.038
9.9702,-12.105
8.1408,-11.478
7.9028,-11.626
7.8836,-11.651
-1.0169,-19.135
-1.2291,-20.363
-1.5365,-20.568
-1.1012,-22.955
-1.9423,-20.768
-1.721,-20.668
-1.7236,-20.665
-1.9967,-20.568
-2.5038,-20.387
-3.0375,-19.101
26.23,5.752
26.206,5.3486
26.377,5.5282
26.643,5.6137
26.692,5.7715
26.686,5.6485
26.574,5.3167
26.289,5.2073
25.936,5.0302
13.429,-13.096
8.0053,-25.14
8.2249,-24.851
8.1828,-25.079
8.294,-25.73
9.1795,-28.147
8.9356,-27.706
8.1201,-25.32
7.7446,-24.271
7.989,-23.521
8.8411,-23.15
10.646,-18.602
16.294,-17.188
16.286,-17.083
19.872,-13.119
20.976,-13.216
18.833,-13.625
20.367,-21.431
20.237,-21.838
11.423,-20.705
8.766,-24.978
13.344,-31.479
-1.2671,-31.417
-1.3861,-31.646
-1.4315,-31.713
-1.4849,-31.78
-0.77287,-37.85
-0.50982,-37.243
-0.38135,-36.866
-0.10504,-36.761
0.058458,-36.732
0.16121,-36.665
0.22335,-36.101
-6.4361,-31.235
-5.966,-31.18
-4.9246,-29.907
-3.7506,-22.024
-3.7905,-21.976
11.893,-15.199
25.19,-3.7139
24.045,-2.2203
23.402,0.074924
28.708,1.1664
25.568,6.0294
27.647,-1.3115
23.564,-1.4173
23.164,-1.0543
10.899,-18.208
9.3547,-19.116
8.6112,-18.567
10.157,-17.641
17.774,-0.97724
24.406,1.4444
28.307,5.441
28.879,5.616
29.121,5.6496
29.15,5.6722
29.086,5.7438
29.054,5.7725
28.716,5.7853
24.083,7.9853
16.092,-6.4841
9.5665,-18.543
7.5363,-19.823
0.75616,-21.472
2.9155,-20.563
29.316,6.8937
29.408,7.0143
28.999,15.475
28.952,17.591
28.844,17.528
28.899,15.186
31.347,13.405
13.698,2.1354
-10.236,-37.547
-9.8843,-35.747
-9.9519,-35.289
-12.688,-32.673
-12.676,-32.696
-12.464,-32.7
-12.366,-32.669
-12.209,-32.841
-11.441,-35.975
-11.505,-36.303
-11.543,-36.393
-14.273,-32.513
-14.126,-32.412
-14.245,-32.812
-14.781,-35.064
-14.652,-34.914
-14.02,-33.537
-13.744,-33.319
-13.384,-33.273
-12.577,-33.287
-10.795,-35.394
-10.1,-42.096
-10.1,-42.096
-8.2692,-39.134
-8.3256,-39.154
-7.2612,-36.802
-7.8079,-36.66
-10.229,-34.523
-10.333,-34.289
-10.631,-33.934
-10.904,-33.834
-11.302,-33.755
-12.784,-33.053
-12.869,-32.999
-13.777,-33.216
-13.924,-33.16
-13.858,-32.833
-13.817,-32.575
-13.69,-32.223
-13.776,-32.001
-15.082,-31.202
-20.267,-31.594
-20.721,-31.487
-21.128,-31.54
-22.795,-32.201
-23.226,-32.442
-23.453,-32.473
-23.543,-32.482
-23.603,-32.453
-23.635,-32.408
-23.614,-32.281
-22.544,-31.066
-22.784,-31.705
-22.507,-31.655
-22.343,-31.594
-22.546,-31.548
-22.461,-31.685
-22.128,-32.419
-19.308,-33.202
-21.886,-32.217
-22.406,-33.584
-22.402,-33.408
-22.42,-33.308
-22.37,-33.342
-22.307,-33.321
-22.119,-33.101
-21.926,-32.694
-22.001,-32.174
-23.116,-29.857
-25.664,-26.024
-25.724,-25.882
-27.847,-26.286
-29.6,-20.949
-29.669,-20.74
-29.592,-20.642
-29.605,-20.613
-29.655,-20.573
-29.576,-20.523
-29.409,-20.505
-29.157,-20.536
-28.971,-20.636
-28.828,-20.631
-28.704,-20.576
-28.597,-20.498
-28.512,-20.429
-28.462,-20.367
-28.422,-20.317
-28.407,-20.279
-28.385,-20.241
-28.327,-20.185
-28.248,-20.15
-28.177,-20.04
-28.176,-19.816
-27.025,-17.295
-13.819,-15.133
-13.999,-14.876
-16.62,-13.298
-16.515,-13.361
-13.006,-12.831
-9.721,-6.7941
-2.6836,3.1301
-2.5671,5.9515
3.5553,10.091
4.8081,13.15
4.1309,10.359
1.1248,7.7104
0.81484,7.1914
-1.2276,5.9976
-7.6943,-2.595
-8.1262,-2.587
-0.55394,3.2498
-0.63258,3.8024
-0.77707,4.6558
-0.87646,3.9492
-7.7088,-2.5238
-6.8788,-17.44
-13.369,-16.47
-13.993,-15.871
-14.075,-16.42
-16.537,-20.163
-16.381,-20.332
-14.936,-24.142
-14.292,-25.202
-16.48,-18.525
-16.368,-17.701
-18.3,-28.787
-18.337,-29.013
-18.25,-29.056
-18.189,-29.027
-18.234,-28.989
-18.085,-29.027
-17.977,-29.153
-17.997,-29.303
-19.364,-32.228
-19.483,-32.33
-19.449,-32.193
-17.315,-29.377
-16.829,-29.19
-13.116,-29.248
-16.44,-29.384
-20.816,-25.016
-20.264,-24.753
-23.892,-28.156
-25.107,-27.801
-27.767,-26.97
-27.574,-26.473
-27.369,-25.882
-27.545,-25.806
-22.346,-18.051
-24.126,-11.291
-24.319,-11.009
-22.862,-5.0538
1.8476,9.8349
2.583,9.5078
12.764,23.111
12.92,23.507
12.95,23.443
12.639,23.126
12.356,22.388
12.543,21.334
3.8897,4.4624
-19.361,-6.227
-22.565,-9.4216
-23.207,-10.602
-23.063,-10.71
-21.328,-10.629
-21.539,-10.585
-21.86,-10.688
-21.503,-10.707
-18.788,-11.089
-9.5347,-4.9816
1.7807,-2.4311
14.691,9.8354
15.614,9.6343
15.545,9.7281
15.516,9.3181
15.629,9.4699
13.454,3.7247
13.877,6.9297
16.401,10.628
16.609,11.176
16.483,11.696
20.708,12.608
24.115,11.483
1.8598,4.6032
7.9573,-6.6835
8.0387,-6.9347
0.15752,-8.5842
19.056,-9.3516
-17.152,-18.773
-18.669,-20.135
-18.953,-20.093
-18.893,-20.219
-18.106,-18.216
-22.47,-17.376
-21.838,-21.944
-12.972,-35.337
-13.788,-33.238
-17.227,-19.15
-0.97591,-12.691
-0.021301,-12.854
-17.967,2.5864
-11.478,-21.04
-8.783,-25.836
-9.1925,-25.353
-9.3677,-25.031
-9.3373,-24.985
-9.257,-25.059
-9.1515,-25.504
-6.9143,-14.557
-8.3985,-25.758
-5.102,-21.119
-5.0878,-21.802
-0.40655,-13.578
0.56877,-13.199
-10.18,3.5529
-3.0733,14.667
-3.0848,23.144
-2.9153,23.218
-2.9266,23.119
-2.9299,22.903
-2.9694,22.615
-2.9128,21.845
-0.97419,21.533
1.0082,22.176
5.7717,24.766
7.8352,25.292
8.1003,26.408
9.0326,24.555
6.0351,22.923
-7.3945,20.162
-10.546,13.751
-13.373,13.381
-38.898,-8.1339
-39.061,-7.8801
-39.023,-7.793
-38.893,-7.6992
-38.725,-7.5802
-38.683,-7.6303
-38.966,-7.5836
-39.119,-7.5137
-39.168,-7.4976
-39.126,-7.5456
-38.933,-7.617
-24.618,4.7051
-9.4216,12.272
0.81232,14.005
11.304,21.935
11.173,22.363
10.652,22.341
10.511,22.144
5.7258,25.351
-7.7393,12.931
-9.3198,12.035
-24.9,-4.2296
-39.287,-8.1412
-39.821,-8.4409
-39.263,-9.9327
-39.559,-10.889
-39.922,-13.091
-39.547,-13.443
-36.911,-14.483
-36.272,-14.676
-36.251,-14.772
-36.234,-14.831
-36.203,-14.799
-36.12,-14.765
-36.116,-14.797
-35.984,-14.876
-35.896,-15.005
-36.698,-19.551
-37.021,-18.543
-40.107,-19.548
-37.185,-18.498
-36.462,-19.879
-36.427,-19.826
-36.383,-19.896
-36.146,-19.766
-35.751,-19.584
-36.192,-19.016
-36.274,-18.46
-35.394,-17.043
-35.271,-16.897
-35.187,-16.793
-35.123,-16.753
-35.075,-16.764
-34.961,-16.882
-34.661,-17.182
-32.68,-20.147
-32.109,-20.539
-27.027,-25.471
-26.533,-25.564
-26.004,-24.924
-21.311,-19.523
-17.269,-15.014
-17.007,-14.991
-2.5257,-8.1077
-2.4422,-7.6657
-2.4416,-7.6182
8.5438,6.7532
9.1837,6.8441
12.063,11.17
12.281,11.209
17.077,8.756
14.452,3.6621
12.824,2.2703
12.674,2.2842
3.1948,3.7422
12.17,2.8868
2.8549,5.1455
1.9649,4.4598
-0.32862,-22.53
-0.60677,-22.372
1.5089,3.7701
8.7953,6.7702
9.2268,16.154
10.268,17.586
10.474,17.986
10.477,18.159
10.371,18.216
10.138,18.245
9.5567,18.47
2.5814,14.422
-3.7418,12.81
-3.8172,9.6286
-19.483,-5.561
-22.014,-5.7865
-19.559,-10.035
-19.959,-5.6465
-20.079,-5.5679
-13.365,-2.5888
4.0074,11.331
8.753,18.556
10.274,19.989
10.572,20.732
13.703,23.053
10.549,20.738
10.049,20.222
10.561,21.01
4.1322,10.92
-9.8887,-2.7628
-23.961,-9.2383
-24.234,-9.5497
-24.225,-9.5809
-16.705,-19.851
-16.296,-22.228
-16.404,-22.624
-16.336,-22.571
-16.232,-22.533
-16.144,-22.499
-16.085,-22.361
-7.8265,-21.536
-7.8082,-23.299
-7.3356,-23.903
-5.4533,-25.248
-5.4828,-25.253
-7.1232,-24.952
-5.3087,-25.22
-4.9913,-25.283
-5.5167,-23.864
-1.0214,-23.141
-2.8223,-15.932
-2.5107,-9.2406
2.9133,-6.8092
10.197,9.0581
10.405,9.3799
10.457,9.4613
10.458,9.4719
10.421,9.439
10.311,9.3553
1.8018,-8.4468
-6.1607,-5.925
-13.466,-23.231
2.5844,-7.8166
17.356,3.7081
22.185,5.871
22.661,5.9675
22.073,6.5127
19.363,4.9597
23.773,4.9747
24.44,5.3014
24.504,5.8587
24.585,6.9745
23.689,11.019
23.547,11.409
23.936,11.638
-1.0386,-20.601
-5.3015,-18.507
-2.5005,-16.404
10.717,4.2826
23.271,17.336
25.145,18.427
25.447,18.71
25.317,18.613
24.991,18.061
24.517,17.164
24.698,16.853
-11.745,-21.475
-17.837,-31.444
-17.897,-31.503
-18.924,-32.078
-20.922,-32.543
-20.414,-32.546
-17.867,-33.106
-17.366,-33.219
-17.241,-33.392
-17.098,-33.422
-17.104,-33.339
-17.161,-32.984
-7.7463,-18.992
2.9557,-6.8123
13.527,6.0094
24.487,17.299
24.657,17.659
24.406,17.576
23.508,12.511
12.613,9.7
-12.49,-23.628
-17.984,-36.406
-16.626,-33.595
-15.482,-30.893
-13.539,-28.275
-12.485,-28.734
-12.057,-30.515
-12.144,-30.723
-12.401,-31.809
-12.691,-32.828
-8.1997,-21.967
-6.6264,-18.985
-0.28055,-10.531
17.776,4.1613
21.686,7.611
14.99,11.276
13.764,10.004
22.623,6.7014
14.672,9.5982
14.334,9.6308
13.926,9.9634
10.135,5.9849
10.22,6.0918
11.091,7.6993
11.613,10.066
8.0871,8.2482
8.0209,7.5123
8.2097,6.8273
3.5753,5.5283
-10.089,-3.5291
-20.819,-5.3341
-19.231,-9.8356
-19.319,-9.6492
-8.7473,-2.1043
2.9934,2.6652
5.8652,20.096
7.8536,19.151
8.0787,19.286
10.138,20.856
10.341,20.986
10.892,20.875
-0.85056,21.787
-8.4183,11.241
-27.781,-2.4849
-28.606,-12.746
-27.383,-15.772
5.3744,11.646
13.172,16.131
13.444,16.343
17.192,18.246
17.229,17.887
14.552,12.002
3.4434,-3.9737
-6.2474,-9.7411
-14.605,-17.043
-17.263,-18.816
-17.89,-18.892
-18.001,-19.015
-18.008,-18.975
-17.292,-18.559
-16.664,-13.058
-16.725,-12.721
-16.172,-13.37
-5.998,-18.031
-5.9752,-19.39
3.9648,-24.218
5.0707,-5.6391
2.9192,2.5217
6.0277,6.2547
6.5288,7.3383
6.4255,8.0374
6.3484,7.8635
3.0245,8.0015
2.3398,8.1287
-8.1219,-2.1664
-11.018,-1.6465
-14.202,-2.9146
-14.442,-2.8208
-14.712,-2.2376
-11.594,0.28103
-1.0281,3.0311
6.2399,6.2546
6.5385,6.477
8.0886,6.3614
0.28808,2.2703
-6.8173,-2.6387
-7.8284,-11.793
-8.4575,-12.006
-9.8153,-12.829
-14.141,-15.946
-18.151,-1.8087
-21.727,-15.553
-23.532,-12.551
-27.016,-4.1686
-28.24,-2.5256
-26.455,-4.0858
-26.648,-3.9281
-25.97,-4.1088
-24.137,-3.3374
-23.039,-2.2176
-20.931,-1.5468
-14.725,3.0792
-14.164,2.3464
0.18724,10.745
4.9485,24.615
11.395,26.995
11.025,26.598
8.3118,25.502
8.0504,25.243
7.5996,24.878
6.15,24.497
0.58415,27.055
-2.5732,20.926
-7.6653,14.58
-11.436,6.0537
-19.349,12.666
-19.434,12.704
-22.394,8.9577
-26.447,6.7635
-26.793,9.3426
-28.887,6.5561
-26.382,6.4103
-11.655,5.986
-11.3,5.8762
-2.3356,11.171
-2.1566,11.668
-2.0513,11.496
-2.124,10.878
-11.392,5.9928
-11.91,6.1376
-28.563,-1.9305
-29.572,-0.37427
-29.868,1.5052
-29.958,1.6465
-30.102,1.6949
-30.229,1.6291
-33.772,1.2935
-33.863,1.5005
-33.635,1.9286
-33.465,2.2279
-33.458,2.2885
-33.504,2.3478
-33.566,2.3986
-36.654,5.136
-34.078,2.332
-40.663,5.5793
-40.101,5.2675
-39.559,5.7696
-37.76,8.4076
-37.614,8.3482
-36.016,7.5808
-35.357,7.5275
-28.597,10.153
-20.667,10.843
-18.61,11.518
-17.187,13.821
-10.684,18.873
-10.702,18.857
-10.949,18.167
-18.14,13.324
-21.712,10.074
-22.304,7.523
-33.749,5.9642
-38.178,5.6199
-38.055,6.1297
-38.175,6.5318
-37.731,6.4968
-37.057,6.3567
-32.576,3.9002
-32.438,3.9372
-32.067,3.7826
-25.832,6.1868
-25.64,6.129
-25.131,4.5616
-20.349,4.6845
-8.8228,15.288
-9.1974,15.383
-8.8952,15.556
-9.0715,15.516
-12.308,11.981
-16.664,-11.082
-16.291,-9.4749
-25.094,-4.1866
-20.644,9.5744
-20.76,10.138
5.271,-5.099
3.0433,-8.3965
2.0117,-13.12
2.3701,-12.149
3.8557,-11.84
5.2169,-11.561
-8.3975,-16.038
-19.896,-13.759
-19.141,-13.754
-9.056,-15.529
-8.9311,-15.597
-8.7362,-15.693
-1.0284,-26.314
2.9945,-22.13
4.6905,-21.05
6.4232,-20.543
6.5651,-20.179
5.0531,-21.135
4.0475,-22.005
9.8195,-33.892
10.302,-33.579
10.521,-33.391
10.644,-33.364
10.823,-33.173
10.936,-33.143
11.064,-33.159
11.107,-33.187
11.136,-33.217
11.161,-33.225
11.153,-33.243
11.129,-33.249
11.138,-33.294
11.123,-33.391
11.063,-33.494
10.912,-33.683
10.745,-33.866
10.712,-33.872
11.306,-32.528
10.681,-33.797
11.249,-32.521
11.153,-32.499
11.151,-32.292
11.272,-31.823
11.458,-37.615
11.342,-38.506
10.535,-40.847
10.576,-40.789
10.634,-40.816
10.842,-41.044
12.846,-41.953
12.656,-42.278
8.8516,-43.518
8.6439,-43.428
10.074,-41.475
9.9888,-41.4
9.8224,-41.539
10.049,-41.628
10.239,-41.743
10.33,-41.768
10.576,-41.55
11.468,-41.179
12.995,-41.823
13.147,-42.06
13.314,-42.916
12.885,-43.601
8.8822,-43.948
9.2104,-43.632
10.463,-41.717
10.557,-41.54
10.59,-41.563
10.517,-41.597
10.315,-41.671
8.8318,-43.623
8.4134,-43.979
8.2251,-44.044
8.0224,-43.974
7.2158,-43.564
7.2789,-43.483
8.3665,-43.951
8.5538,-44.083
8.5951,-44.033
8.5169,-43.858
8.0153,-45.081
7.9725,-45.227
8.203,-45.057
8.4848,-44.753
8.7389,-44.321
8.9812,-43.886
9.1681,-43.637
10.218,-41.934
10.335,-41.779
10.626,-46.468
11.326,-45.54
10.863,-43.878
10.814,-44.155
10.83,-44.351
10.66,-44.33
10.412,-46.538
10.035,-46.464
4.9619,-45.382
8.7074,-44.353
8.5214,-44.58
8.4468,-44.602
8.3558,-44.571
8.1639,-44.568
6.9898,-44.982
6.6215,-45.068
5.9256,-45.327
3.0945,-42.786
4.9619,-45.382
-7.4197,-41.503
-2.3426,-41.431
-4.4752,-42.54
-6.2013,-41.566
-5.2124,-41.831
-3.7471,-35.683
-1.5073,-32.595
-0.36075,-31.643
2.598,-21.82
27.97,9.8405
24.682,17.997
26.327,19.153
26.587,19.569
26.56,19.664
26.299,19.437
25.594,18.931
24.759,18.41
22.322,17.098
22.345,16.509
-10.14,-27.48
-18.036,-31.651
-18.743,-32.273
-18.819,-33.505
-18.999,-33.429
-19.717,-31.994
-23.12,-29.698
-23.328,-29.428
-23.79,-28.811
-24.258,-28.565
-24.431,-28.553
-24.443,-28.576
-24.376,-28.565
-24.095,-28.594
-23.096,-28.877
-22.647,-28.962
-22.563,-28.825
-22.49,-28.644
-22.465,-28.444
-22.353,-28.336
-22.181,-28.444
-21.847,-28.751
-21.704,-28.71
-21.448,-28.746
-16.401,-29.226
-16.304,-29.391
-16.495,-28.998
-19.541,-21.815
-22.137,-18.889
-24.041,-14.156
-23.571,-13.701
-23.727,-13.728
-24.183,-14.062
-24.518,-14.625
-24.577,-14.791
-29.38,-12.797
-32.191,-15.305
-34.879,-16.126
-37.84,-14.237
-38.584,-14.399
-39.724,-14.666
-39.882,-14.656
-40.11,-15.044
-40.387,-15.964
-40.107,-19.548
-38.483,-16.539
-40.107,-19.548
-38.46,-14.644
-38.243,-14.679
-38.116,-14.843
-38.022,-14.777
-33.917,-18.893
-33.562,-19.156
-33.379,-19.305
-33.289,-19.398
-33.19,-19.506
-33.089,-19.654
-32.492,-20.747
-28.69,-25.057
-28.481,-25.127
-28.06,-25.196
-27.685,-25.346
-27.231,-25.548
-26.128,-25.36
-22.788,-27.975
-22.536,-27.991
-22.362,-27.812
-22.284,-27.639
-20.187,-24.485
-20.218,-24.408
-20.187,-24.281
-20.152,-24.163
-20.077,-24.14
-20.09,-24.065
-20.094,-24.027
-20.091,-23.989
-20.114,-23.846
-26.395,-15.099
-28.065,-15.942
-27.77,-11.946
-14.605,-14.263
-14.693,-15.497
-14.556,-15.716
-14.491,-15.667
-24.944,-8.8788
-24.959,-8.9623
-24.948,-8.903
-24.934,-8.8171
-25.11,-8.9698
-25.127,-8.939
-25.199,-8.9689
-25.311,-9.0072
-25.423,-9.1236
-25.457,-9.1307
-16.213,-17.884
-16.472,-18.306
-25.262,-16.954
-16.25,-19.557
-16.104,-19.889
-16.022,-20.184
-15.937,-20.068
-16.468,-20.346
-16.665,-20.554
-16.686,-20.611
-16.639,-20.633
-16.29,-20.336
-15.519,-18.66
3.9473,3.0174
11.89,9.714
12.713,10.948
15.195,12.609
15.136,12.348
15.824,13.007
15.91,13.664
16.422,17.1
1.5191,7.7532
2.3741,7.2606
-22.502,-3.9385
-22.447,-6.1645
-22.951,-6.5296
-24.345,-7.3806
-38.088,-10.81
-38.616,-10.877
-34.939,-2.4585
-38.047,-5.2157
-38.077,-5.05
-38.092,-4.9548
-39.879,-2.0937
-38.858,-0.47503
-39.161,-0.51282
-39.354,-0.49546
-39.179,-0.45323
-38.569,1.5613
-37.723,2.8027
-32.878,4.0697
-32.637,4.378
-32.664,4.0553
-9.9866,9.9046
-9.8129,10.013
-37.734,2.5861
-38.023,2.0528
-38.3,1.7009
-38.64,1.3172
-39.96,1.6444
-40.318,1.5867
-40.063,1.6625
-39.801,1.73
-42.328,0.70502
-36.063,13.339
-13.514,15.669
-13.362,15.814
-14.678,22.024
-14.631,22.095
-14.292,25.545
-14.599,21.676
-13.218,16.167
-13.222,15.964
-13.508,15.804
-27.042,10.791
-39.594,4.9016
-39.258,5.0148
-39.004,5.2196
-38.729,5.3502
-33.49,5.8493
-25.281,8.6286
-24.373,5.3773
-22.012,7.8128
-18.907,9.6083
-10.797,17.566
-9.9246,18.37
-8.8583,18.668
-8.3734,18.73
-8.2636,18.702
-8.3348,18.613
-9.5183,18.28
-13.962,15.154
-22.085,7.9946
-23.532,5.9925
-25.386,2.9688
-35.818,2.1733
-36.25,2.3575
-36.415,2.399
-36.416,2.4099
-36.405,2.4319
-36.324,2.463
-36.122,2.4012
-35.38,2.0763
-28.294,-8.3127
-28.626,-10.425
-28.984,-10.751
-29.07,-11.133
-29.119,-11.598
-29.3,-10.913
-29.565,-10.682
-29.514,-11.083
-29.381,-11.19
-28.993,-10.899
-28.796,-11.68
-28.937,-11.866
-29.39,-11.854
-31.134,-14.252
-32.006,-18.78
-31.641,-19.039
-29.901,-19.243
-29.654,-19.25
-29.571,-19.036
-29.123,-12.554
-29.312,-12.482
-29.879,-16.265
-29.478,-10.959
-29.328,-10.899
-29.53,-10.854
-28.988,-10.934
-28.646,-11.004
-28.943,-6.0741
-34.207,2.0363
-33.944,1.9023
-23.063,2.1002
-11.27,11.979
-11.108,12.67
-8.5512,18.546
-8.6527,22.991
2.0539,25.047
7.0576,24.812
10.627,27.561
7.9475,26.574
7.342,25.55
6.0258,21.623
-1.1298,21.995
-0.75685,15.644
-8.945,5.7912
-9.0046,5.0697
-8.7759,-1.5489
3.9332,-5.6683
14.972,-10.969
10.341,-9.4946
-15.577,-7.5631
-6.0873,-12.69
-6.3558,-13.462
-6.8722,-14.323
1.9476,-26.164
4.5594,-17.112
-17.026,-9.3244
-18.366,-7.5546
-33.816,-0.53135
-33.598,0.43115
-32.16,6.3983
-32.064,6.3789
-32.469,6.3554
-32.702,6.3214
-35.372,2.9418
-35.433,2.6572
-35.557,2.5159
-35.687,2.5064
-35.073,1.9889
-34.805,1.7643
-34.594,1.4297
-34.426,1.0983
-34.441,1.1104
-34.629,0.086514
-34.865,0.28924
-35.599,1.118
-37.314,3.3669
-44.962,-1.9049
-42.999,0.42241
-43.029,0.53042
-40.915,4.5156
-40.973,4.3618
-40.697,4.5809
-40.802,4.446
-42.544,2.8598
-38.194,3.9663
-38.335,3.6389
-38.25,3.4267
-42.559,0.27935
-42.571,0.13717
-42.409,0.018176
-38.634,0.14595
-38.587,-0.086692
-38.516,-0.16422
-38.332,-0.45461
-38.229,-0.26554
-36.497,3.1792
-35.964,2.9148
-35.7,2.7255
-35.113,-1.8526
-34.677,-2.1817
-34.339,-2.5206
-34.184,-3.2543
-33.853,-8.0712
-33.84,-8.1605
-33.491,-8.2633
-23.739,-6.8572
9.2425,11.851
13.682,16.623
15.956,16.767
20.966,21.621
25.676,20.06
25.596,19.79
24.988,18.925
18.057,15.984
20.2,16.528
-7.4265,-17.429
-14.753,-24.775
-10.564,-21.695
-8.7273,-25.468
-5.7554,-31.892
-6.2815,-37.52
-4.88,-37.662
-4.6276,-37.553
-4.5928,-37.458
-4.701,-37.351
-4.9287,-37.394
-5.9404,-37.107
-6.0541,-37.356
-5.471,-38.039
-5.8765,-38.052
-6.6843,-38.094
-6.8921,-38.146
-6.9977,-38.172
-7.0434,-38.194
-7.1334,-38.164
-8.9588,-37.355
-8.9379,-37.355
-7.0962,-38.096
-5.7747,-38.192
-4.42,-38.473
-2.5922,-41.003
-2.2961,-41.288
1.6284,-35.66
1.8666,-35.627
15.124,-16.645
11.256,6.5362
11.502,5.5567
13.792,-19.48
1.8193,-35.585
1.5967,-35.609
0.35707,-37.754
-1.7597,-40.462
-2.3346,-37.999
-2.569,-37.944
-2.6904,-37.949
-2.7153,-38.04
-7.2734,-36.784
-12,-36.784
-12.647,-36.314
-12.782,-35.641
-12.914,-35.597
-13.027,-35.549
-14.626,-34.549
-19.996,-30.112
-20.347,-30.23
-23.472,-33.425
-22.627,-30.373
-22.505,-30.155
-22.38,-30.078
-22.585,-29.999
-20.795,-29.921
-15.186,-34.303
-10.928,-22.577
20.848,16.524
7.1445,-5.9829
-0.72772,-27.076
-0.87087,-27.189
-10.658,-37.036
-11.171,-36.717
-7.8438,-39.023
-6.8755,-39.347
-6.8363,-39.349
-8.1932,-37.725
-8.4842,-38.006
-8.3984,-38.066
-7.7808,-39.272
-7.2053,-39.503
-6.9021,-39.699
-7.0439,-39.263
-4.414,-34.829
-4.3601,-34.32
-4.2909,-34.252
-4.4145,-34.349
-0.53753,-38.814
-2.0109,-38.09
-2.0127,-38.167
0.28261,-40.224
0.66692,-37.931
0.58366,-38.011
0.10023,-38.382
0.12544,-38.13
1.0435,-36.889
-2.0627,-37.997
-2.318,-37.81
-2.4695,-37.999
-2.5356,-37.943
-2.3634,-37.325
-5.4306,-38.323
-6.9493,-36.313
-12.092,-36.247
-12.053,-36.344
-1.3221,-25.163
23.54,16.863
25.785,18.027
26.812,19.615
27.08,20.743
27.158,20.84
27.175,20.56
26.917,19.609
25.841,18.151
21.834,9.6506
10.28,4.1158
-11.177,-37.487
-12.491,-38.537
-12.527,-38.603
-10.992,-38.574
-10.827,-36.338
-9.9234,-35.588
-9.5471,-35.09
-9.4548,-34.982
-9.5095,-34.87
-9.4405,-34.814
-11.936,-32.253
-12.018,-32.197
-6.3286,-31.846
-1.682,-33.03
-1.3723,-33.126
7.1616,-34.736
6.42,-26.853
6.9848,-25.984
9.3725,-16.822
13.49,-15.424
19.369,1.9307
20.831,0.38797
20.827,0.2134
20.686,0.052903
19.896,-0.3627
16.543,-2.0204
12.204,-3.3775
13.245,1.3781
12.765,15.469
12.933,15.419
13.312,1.3575
29.486,16.241
31.455,18.71
26.735,21.505
26.471,21.482
26.538,21.406
26.706,21.137
24.351,14.964
17.898,14.226
-7.561,-19.906
-7.8651,-20.859
-8.1115,-20.528
-8.933,-22.896
-9.0708,-23.014
-9.152,-23.106
-10.31,-28.372
15.051,21.023
11.839,27.107
19.092,20.821
14.437,22.736
14.41,22.773
14.418,23.178
13.905,19.539
13.843,19.393
-11.809,-29.83
-17.183,-20.932
-19.141,-21.195
-19.729,-20.723
-17.936,-12.193
-9.728,-4.6901
3.1539,2.3511
4.4133,10.413
5.5541,12.964
7.2927,18.358
5.7707,14.979
3.1975,12.996
3.0404,12.957
2.8546,13.821
2.4899,13.925
1.3294,11.535
-2.3712,9.0401
-2.5811,8.4843
-3.1706,7.6507
-19.243,-5.5047
-19.235,-5.3083
-18.821,-4.923
-18.543,-4.0697
-18.278,-3.8985
-17.665,-3.2481
-18.011,-3.3185
-19.542,-6.2349
-18.678,-9.4771
-19.272,-7.1524
-16.916,-3.0036
-16.874,-2.8777
-16.532,-2.311
-9.8141,9.7616
-1.0892,15.214
-0.89233,15.728
-0.99814,15.776
-1.1491,15.49
-10.414,9.6087
-13.269,8.8285
-25.215,-3.5339
-35.512,-5.0553
-35.597,-6.7044
-35.713,-6.6278
-37.599,-4.6018
-37.874,-4.2933
-37.827,-4.4071
-37.602,-4.3296
-35.343,-4.5391
-34.855,-4.7049
-31.592,-2.9165
-24.116,-0.58757
-22.55,0.16338
-12.661,6.0214
-8.5763,9.425
-8.6644,9.5917
-12.755,6.0927
-12.705,6.0242
-18.193,0.59687
-19.4,0.093991
-20.035,-0.076562
-22.704,-0.23031
-31.564,-9.3501
-34.564,-4.8949
-37.001,-4.6917
-38.121,-4.7463
-38.032,-4.826
-37.989,-4.7574
-37.946,-4.7824
-37.859,-4.828
-37.634,-4.8017
-37.653,-4.9364
-37.589,-6.197
-37.582,-6.4168
-27.523,-4.5096
-19.562,1.3636
-13.633,8.6204
-12.528,9.1733
-6.0276,17.698
-6.9781,18.074
-7.0649,18.161
-7.1032,18.181
-7.1256,18.135
-7.1402,17.939
-9.9562,16.275
-16.12,9.6912
-21.03,9.1139
-20.933,8.652
-21.081,8.9301
-19.664,9.7697
-20.999,9.8466
-23.693,11.368
-20.214,10.345
-18.852,11.764
-16.405,13.436
-16.354,13.487
-16.446,13.449
-18.957,11.005
-19.759,10.129
-19.991,9.7908
-20.39,9.5197
-20.555,9.3466
-19.52,7.4003
-18.449,10.475
-9.6814,14.761
-5.5106,21.513
-5.5343,21.709
-4.8745,21.702
-4.9963,21.725
-5.8989,22.103
-5.7855,21.703
-10.22,14.889
-11.226,14.766
-9.5592,15.014
-5.9267,18.16
-6.9891,20.125
-9.0689,15.236
-9.5435,14.731
-20.991,10.088
-22.79,8.4029
-23.673,10.141
-21.48,3.9795
-26.445,3.6971
-27.19,4.1172
-28.385,4.4085
-28.917,4.523
-36.804,4.8509
-43.615,8.7206
-43.979,8.7799
-44.218,8.9221
-44.26,8.822
-44.368,8.742
-44.459,8.5881
-44.555,8.4961
-44.676,8.4313
-44.838,8.3562
-45.042,8.2487
-45.276,8.0783
-45.446,7.9361
-45.476,7.8741
-45.437,7.7853
-44.362,6.231
-45.809,5.4351
-45.361,5.1823
-44.857,4.8828
-44.668,4.7528
-44.585,4.6499
-44.513,4.5675
-44.43,4.4582
-44.345,4.2995
-44.339,4.0714
-43.328,2.9156
-43.271,2.5763
-43.191,2.3876
-43.106,2.1775
-42.976,2.0257
-42.849,1.9065
-42.76,1.7839
-42.714,1.6299
-42.694,1.3715
-42.664,1.0516
-42.52,-0.42871
-42.65,-0.62518
-42.878,-0.73034
-42.836,-0.9508
-42.67,-1.3099
-42.418,-1.5112
-41.285,-1.9152
-39.393,-2.1602
-36.205,-7.0983
-35.578,-6.9393
-35.161,-6.7866
-35.022,-6.785
-34.938,-6.8157
-34.833,-6.9997
-34.779,-7.129
-34.791,-7.2563
-34.822,-7.4396
-34.919,-7.6487
-31.791,-10.312
-31.053,-10.935
-27.18,-16.722
-26.751,-16.053
-20.366,-21.432
-22.17,-26.075
-16.555,-20.538
-15.033,-26.637
-15.017,-27.218
-15.189,-27.322
-15.355,-27.422
-22.743,-25.876
-12.908,-27.555
-11.618,-31.842
-11.794,-31.828
-12.008,-31.768
-11.782,-31.397
-9.6261,-37.861
-14.717,-38.449
4.8857,-27.728
28.24,9.7203
27.879,11.918
28.497,17.748
28.115,19.462
28.235,19.598
28.313,19.528
29.674,17.295
34.903,9.3603
31.444,3.9707
24.71,-8.9385
5.7004,-21.733
-5.4919,-35.45
-5.1988,-35.59
-4.1394,-40.053
-3.8446,-42.636
-5.877,-39.386
-6.8847,-39.153
-7.766,-38.995
-8.2788,-38.232
-9.0114,-36.929
-11.414,-37.932
-11.786,-37.433
-15.834,-34.591
-16.65,-34.169
-17.24,-33.699
-17.44,-33.188
-20.145,-29.677
-20.633,-29.259
-22.779,-29.479
-23.668,-30.433
-27.818,-24.187
-27.768,-24.148
-27.542,-26.84
-24.018,-32.04
-23.935,-32.008
-23.856,-32.053
-23.76,-31.991
-23.176,-31.398
-22.817,-31.355
-21.97,-32.032
-22.102,-32.031
-22.2,-31.563
-23.383,-27.881
-23.169,-27.894
-19.25,-30.049
-18.398,-30.212
-18.102,-30.665
-17.99,-30.869
-18.008,-30.816
-18.031,-30.751
-18.103,-30.63
-18.127,-30.263
-17.401,-29.889
-11.141,-30.393
-11.105,-30.358
-11.182,-30.339
-7.0869,-8.9056
-2.6608,-8.3783
2.9638,-4.8498
15.085,6.0645
20.238,10.145
18.554,8.7087
14.21,3.2827
9.6114,-3.6472
3.5369,-2.6023
-12.415,-0.94571
-12.943,-0.71077
-12.699,-1.0566
-11.638,-0.50742
-12.019,-0.35706
-11.219,-1.662
-15.895,-14.867
-19.718,-16.688
-25.354,-15.806
-25.59,-16.041
-25.539,-15.655
-20.246,-16.811
-20.062,-16.442
-20.504,-16.271
-31.243,-11.051
-35.345,-6.7524
-35.769,-6.6522
-36.196,-6.651
-38.273,-8.5993
-41.917,-13.967
-39.552,-10.952
-40.764,-13.363
-40.624,-13.287
-40.745,-13.273
-24.214,1.3118
-29.821,-4.2841
-44.182,-12.139
-44.182,-12.139
-44.182,-12.139
-44.182,-12.139
-40.308,-11.739
-44.182,-12.139
-44.182,-12.139
-44.182,-12.139
-40.753,-11.774
-44.182,-12.139
-44.182,-12.139
-40.057,-10.707
-44.182,-12.139
-38.335,-8.9824
-39.011,-9.116
-44.182,-12.139
-44.182,-12.139
-44.182,-12.139
-44.182,-12.139
-42.245,-12.574
-44.411,-7.7366
-44.331,-7.5353
-44.38,-7.4263
-44.625,-7.2369
-42.712,-6.4802
-42.88,-5.0425
-43.086,-4.93
-43.249,-4.306
-42.88,-5.0425
-43.525,-3.3421
-43.573,-3.0189
-44.467,-0.20988
-45.128,-3.2918
-44.469,-2.3566
-44.423,-1.5497
-44.269,-1.5216
-44.263,-1.4861
-44.371,-1.4308
-44.423,-1.4263
-44.444,-1.3898
-44.501,-1.2605
-44.539,-1.1305
-44.549,-0.96508
-44.552,-0.79076
-44.539,-0.73246
-44.533,-0.72939
-44.493,-0.78862
-44.416,-0.87344
-44.37,-0.86495
-44.414,-0.73489
-44.529,-0.54477
-44.651,-0.35213
-44.741,-0.20976
-44.816,-0.10289
-44.865,-0.057426
-44.922,-0.080865
-45.05,-0.16074
-45.825,-0.098702
-44.424,1.9621
-46.111,7.2736
-44.211,2.5338
-46.111,7.2736
-43.585,-0.68025
-43.585,-0.68025
-44.457,3.2263
-44.45,3.3707
-44.455,3.5086
-46.015,6.2133
-46.015,6.2133
-46.015,6.2133
-46.015,6.2133
-44.539,5.1029
-44.529,5.5432
-44.49,5.9304
-46.015,6.2133
-45.841,7.1528
-45.886,6.5007
-45.721,6.6276
-44.728,8.2214
-44.168,9.1951
-44.017,9.6058
-43.916,9.8375
-43.908,9.9167
-43.966,9.8696
-44.027,9.7682
-44.058,9.6225
-44.051,9.478
-44.129,9.3294
-44.27,9.0859
-44.377,8.8195
-43.696,6.6241
-42.649,6.197
-43.5,2.0264
-43.409,1.8346
-43.4,1.7118
-43.005,1.6598
-42.596,1.6772
-42.273,1.5734
-42.071,1.4691
-41.823,1.2806
-40.77,-1.9436
-40.208,-2.364
-39.627,-2.9577
-39.493,-3.3794
-38.907,-4.8393
-38.348,-5.3287
-34.877,-8.3311
-34.842,-8.445
-34.897,-8.5295
-34.822,-8.6598
-34.707,-8.7926
-35.955,-10.165
-35.803,-10.292
-35.769,-10.416
-36.536,-11.107
-32.695,-14.753
-32.674,-14.662
-36.259,-11.4
-35.192,-13.012
-34.445,-15.306
-34.562,-15.539
-34.558,-15.647
-34.369,-15.745
-33.956,-15.888
-33.628,-16.149
-33.028,-16.402
-30.243,-18.857
-30.227,-19.192
-30.439,-19.407
-32.813,-21.552
-33.021,-21.969
-33.065,-22.295
-33.176,-22.969
-24.092,-25.365
-23.207,-29.202
-23.683,-29.652
-21.749,-32.042
-21.789,-32.013
-21.788,-32.022
-21.667,-32.12
-21.251,-32.297
-20.692,-32.435
-20.453,-32.545
-20.284,-32.672
-20.16,-32.761
-20.171,-32.781
-19.892,-36.047
-19.975,-36.274
-24.028,-29.67
-24.02,-29.747
-20.935,-32.73
-23.603,-32.584
-23.64,-32.697
-23.627,-32.786
-23.591,-32.786
-23.585,-32.712
-23.569,-32.655
-23.541,-32.639
-23.568,-32.609
-23.619,-32.463
-23.714,-30.021
-24.024,-29.534
-24.136,-29.344
-24.099,-29.328
-23.848,-29.435
-20.356,-32.857
-19.888,-33.514
-20.061,-33.387
-20.326,-33.199
-21.09,-33.163
-21.67,-33.257
-21.855,-33.258
-21.91,-33.138
-22.538,-29.816
-22.799,-29.5
-22.795,-29.154
-22.737,-28.896
-22.562,-28.845
-22.396,-28.963
-22.249,-29.112
-22.265,-29.113
-22.327,-29.09
-22.398,-28.978
-22.46,-28.982
-22.54,-29.087
-22.555,-29.044
-22.481,-28.691
-22.381,-28.421
-22.375,-28.317
-22.35,-28.209
-22.487,-28.052
-22.42,-27.908
-21.365,-24.743
-21.383,-24.689
-21.403,-24.557
-21.331,-23.118
-20.54,-21.175
-17.224,-19.209
-16.32,-18.618
-13.442,-11.599
-13.335,-11.594
-6.9183,-15.733
1.3395,-8.7671
4.1364,-9.5495
5.2853,-10.084
6.495,-8.961
12.618,-14.372
11.103,-12.955
10.74,-12.936
10.422,-12.858
9.7843,-12.211
9.4409,-11.492
6.4818,-10.25
10.585,-9.7118
11.185,-8.6312
22.527,-4.1326
21.274,-6.0168
13.725,-13.136
10.396,-16.748
0.84058,-25.844
1.6621,-29.867
-3.0841,-29.326
-3.3957,-29.276
-3.4697,-29.353
-7.3236,-30.816
-8.2201,-30.904
-8.2143,-31.276
-8.189,-31.572
-11.472,-31.567
-11.522,-31.599
-11.563,-31.623
-15.462,-29.611
-15.554,-29.78
-14.672,-29.814
-11.288,-33.971
-11.454,-34.054
-11.584,-34.096
-11.813,-34.114
-12.029,-34.197
-13.345,-34.225
-13.588,-34.43
-15.268,-34.328
-15.452,-34.415
-8.5096,-29.595
-21.657,-18.196
-7.5302,-18.1
5.872,-8.1598
21.106,11.342
23.536,12.584
25.241,15.577
27.538,16.535
25.426,15.189
22.633,15.422
21.881,10.396
22.046,9.8977
3.88,-7.44
0.58607,-19.966
2.583,-19.275
-9.0636,-25.507
-10.349,-28.201
-10.531,-28.287
-10.669,-28.766
-10.719,-29.166
-10.805,-29.382
-11.074,-29.425
-14.076,-32.649
-16.002,-30.853
-16.437,-29.537
-17.16,-29.585
-17.279,-29.478
-19.854,-25.231
-19.862,-25.113
-19.841,-24.871
-22.554,-27.986
-27.699,-23.656
-28.094,-23.495
-28.282,-23.534
-28.268,-23.623
-27.891,-23.908
-27.106,-25.354
-22.702,-30.595
-21.793,-30.985
-21.648,-30.823
-21.446,-30.784
-20.05,-29.943
-15.617,-31.662
-14.749,-32.166
-14.66,-32.295
-14.831,-32.648
-7.6469,-32.757
-6.945,-32.621
-10.412,-36.978
-10.252,-36.663
-10.16,-36.65
-19.284,-30.901
-19.052,-30.205
-18.508,-29.718
-18.265,-29.464
-17.617,-28.995
-17.601,-28.855
-21.006,-27.63
-20.804,-27.68
-20.442,-27.802
-20.543,-27.911
-29.745,-18.727
-29.983,-18.471
-29.974,-18.441
-29.896,-18.387
-29.858,-16.5
-31.228,-13.158
-31.746,-12.777
-32.279,-12.658
-37.502,-14.899
-38.367,-15.359
-38.507,-15.385
-38.636,-15.397
-38.731,-15.312
-38.81,-15.162
-39.556,-13.983
-40.011,-13.582
-40.175,-13.443
-41.981,-8.6032
-41.824,-8.4043
-42.015,-8.3903
-42.372,-8.3351
-42.739,-8.2075
-43.579,-8.2147
-44.092,-8.3911
-43.907,-8.6809
-43.821,-8.6545
-43.62,-8.6657
-43.469,-8.7524
-41.81,-11.839
-41.571,-12.017
-41.111,-12.646
-40.851,-12.928
-40.684,-13.094
-40.558,-13.139
-40.424,-13.088
-40.917,-10.489
-40.96,-10.397
-40.968,-10.381
-40.863,-10.38
-40.736,-10.299
-40.344,-10.522
-40.317,-10.639
-40.33,-10.84
-40.307,-10.912
-40.41,-12.795
-40.428,-12.869
-40.486,-12.973
-40.52,-13.1
-40.489,-13.166
-40.403,-13.199
-40.264,-13.185
-39.858,-10.753
-39.89,-10.609
-40.009,-10.541
-40.049,-10.649
-40.108,-10.7
-40.024,-10.731
-40.823,-15.703
-40.893,-15.898
-40.801,-15.985
-40.586,-15.918
-40.306,-15.882
-38.082,-18.415
-37.855,-18.476
-38.213,-17.776
-38.853,-16.441
-38.737,-16.244
-38.558,-16.165
-38.35,-16.133
-38.089,-16.197
-37.824,-16.344
-37.692,-17.006
-37.459,-18.288
-35.338,-20.416
-35.426,-20.64
-30.354,-14.095
-28.272,-14.157
20.826,19.974
21.013,19.572
21.113,19.794
21.153,19.939
21.123,20.034
21.653,20.537
24.117,21.469
24.301,21.691
24.144,21.599
23.247,21.292
21.33,19.862
5.8125,3.7537
-14.886,-12.386
-19.319,-10.759
-19.914,-9.9798
-23.883,-3.4919
-29.095,-0.3266
16.088,18.634
13.96,18.336
13.783,22.815
13.731,23.148
13.387,23.178
12.301,23.046
11.903,22.863
12.011,22.173
12.146,21.498
4.4209,8.5292
-25.832,-3.981
-25.797,-13.995
-26.136,-13.631
-38.267,-10.307
-38.283,-10.091
-25.001,-8.5641
-24.805,-6.9719
-29.826,-12.227
-29.485,-12.714
-24.511,-7.4559
-25.665,-4.1944
-9.8911,11.19
0.99307,14.256
3.8796,18.928
7.9305,22.597
8.5992,22.972
8.3967,23.032
7.1872,22.66
2.4271,19.638
0.4351,19.593
0.64084,19.227
-0.0090169,17.785
-1.2062,16.818
-9.7219,10.057
-15.627,7.4455
-16.061,5.2637
-15.741,6.8272
-10.744,10.923
-10.164,11.294
-10.409,11.439
-16.151,3.0608
-16.761,2.3486
-17.444,1.9171
-21.648,5.0359
-17.5,2.4883
-17.409,2.794
-16.528,3.4717
-10.27,11.021
-5.2173,20.014
-2.5191,22.453
-2.4053,22.878
-2.3656,23.019
-2.3887,23.059
-2.3056,23.057
-1.1525,22.609
-1.7474,22.812
-1.8218,22.634
-1.925,22.497
-12.247,14.97
-16.238,8.5235
-27.574,13.082
-31.441,8.2388
-43.815,7.4848
-43.894,6.7068
-43.9,6.5006
-43.934,6.2947
-43.84,6.021
-44.107,4.3113
-42.83,0.56534
-42.952,1.0252
-42.977,1.0197
-43.003,1.0567
-42.996,0.79917
-43.132,1.6781
-43.111,1.9682
-43.093,2.0574
-43.123,2.0974
-43.18,2.113
-43.208,2.0989
-43.225,2.0713
-43.253,2.0032
-43.298,1.8891
-43.295,1.7682
-43.145,1.6704
-42.61,1.5204
-42.032,1.2826
-41.302,-0.6242
-40.867,-1.0056
-39.671,-1.662
-39.292,-2.0396
-39.063,-2.3539
-38.891,-2.5457
-38.806,-2.6436
-38.747,-2.7646
-37.844,-4.5129
-36.075,-8.0193
-36.298,-8.8053
-37.481,-10.441
-36.371,-11.403
-36.171,-11.636
-36.194,-11.69
-36.136,-11.773
-35.49,-12.747
-32.424,-14.616
-35.268,-12.785
-34.663,-15.446
-33.541,-15.666
-33.112,-15.314
-33.064,-15.068
-32.647,-15.102
-30.141,-19.757
-30.101,-19.937
-30.157,-19.973
-30.258,-19.885
-30.355,-19.763
-33.25,-16.283
-33.338,-16.208
-33.497,-16.081
-34.964,-17.48
-34.958,-15.391
-35.077,-15.329
-35.168,-15.255
-35.158,-15.227
-35.211,-15.176
-35.227,-15.196
-35.302,-15.224
-35.574,-15.047
-36.017,-14.559
-37.112,-13.433
-37.238,-12.976
-37.312,-12.896
-37.355,-12.988
-37.483,-13.295
-37.749,-14.76
-37.563,-14.862
-36.045,-18.487
-36.772,-14.238
-36.816,-13.215
-35.653,-15.23
-35.414,-15.622
-35.286,-15.749
-35.112,-15.861
-34.944,-15.939
-34.844,-15.937
-34.783,-15.971
-34.77,-15.983
-34.656,-15.918
-30.607,-18.423
-30.346,-18.484
-30.097,-18.486
-29.994,-18.459
-29.862,-18.594
-29.773,-18.751
-29.539,-18.868
-27.229,-22.622
-26.82,-22.903
-26.988,-22.964
-27.344,-22.849
-30.174,-21.472
-30.544,-20.346
-30.677,-20.027
-30.789,-19.634
-30.866,-19.434
-31.028,-19.333
-30.89,-19.5
-27.803,-24.365
-27.365,-26.64
-24.11,-29.097
-20.404,-37.14
-20.404,-37.14
-21.525,-32.828
-21.282,-31.854
-20.946,-31.372
-20.786,-31.504
-20.252,-32.423
-20.046,-32.565
-16.833,-32.631
-19.958,-31.744
-19.896,-31.813
-20.449,-30.693
-21.52,-29.928
-21.347,-29.803
-21.534,-29.933
-21.391,-30.264
-21.277,-30.937
-21.41,-30.977
-21.564,-30.872
-21.959,-30.492
-22.953,-27.812
-23.242,-27.588
-23.575,-27.834
-24.358,-16.505
-24.087,-16.933
-24.129,-17.012
-24.307,-17.04
-24.422,-17.045
-24.694,-16.832
-24.778,-17.091
-30.708,-13.933
-31.435,-13.576
-36.819,-15.359
-37.055,-15.218
-39.977,-16.485
-40.349,-16.435
-40.457,-16.239
-40.136,-15.758
-39.516,-14.576
-38.507,-13.833
-37.871,-12.983
-37.842,-12.684
-37.913,-12.221
-39.739,-13.884
-39.868,-13.815
-37.529,-9.7265
-37.451,-9.2443
-37.355,-8.5706
-37.158,-7.4574
-37.693,-5.2871
-40.406,-2.9128
-40.637,-2.8156
-40.634,-2.8352
-40.543,-2.9016
-40.694,-3.0578
-40.613,-3.19
-38.276,-4.7605
-37.825,-8.762
-37.557,-10.449
-37.639,-9.3194
-35.729,-9.16
-35.451,-9.1335
-36.098,-9.0821
-30.911,-9.7685
-30.247,-9.3667
-29.731,-9.0356
-25.375,-5.6978
-20.26,-4.4759
-21.026,-4.3502
-20.037,2.8066
-19.434,4.3372
-19.495,4.6581
-21.339,7.0137
-4.515,19.804
-4.4165,20.539
-3.4321,21.386
-2.712,21.236
-2.4848,21.239
-2.2987,21.123
-0.49345,16.464
4.6276,18.743
4.6619,18.646
4.4965,21.247
-5.1679,8.5581
-9.0722,-1.7702
-16.937,-0.73221
-16.845,-0.2463
-9.5742,-2.1716
-20.437,-3.4949
-28.785,-10.818
-29.221,-17.28
-29.254,-17.579
-29.629,-18.601
-29.675,-18.701
-29.83,-18.731
-30.237,-18.66
-30.379,-18.578
-30.299,-18.581
-24.761,-17.743
-23.912,-18.739
-24.11,-18.44
-24.904,-18.718
-30.363,-18.875
-30.43,-18.911
-30.213,-19.296
-30.362,-19.688
-30.552,-19.754
-30.738,-19.499
-30.906,-19.083
-31.681,-17.533
-33.985,-20.529
-32.229,-21.645
-26.856,-24.469
-26.511,-24.811
-26.707,-25.191
-27.168,-25.703
-27.357,-26.271
-27.062,-27.034
-25.8,-27.626
-25.525,-27.707
-25.146,-27.751
-24.827,-27.797
-24.662,-27.826
-24.644,-27.781
-24.639,-27.757
-24.676,-27.726
-24.705,-27.935
-24.545,-28.923
-24.497,-29.277
-24.307,-29.499
-23.665,-30.048
-20.267,-32.723
-19.738,-33.542
-19.362,-33.628
-19.191,-33.676
-18.961,-33.842
-15.044,-37.242
-14.525,-37.653
-14.014,-38.243
-13.387,-38.831
-12.898,-39.077
-10.441,-40.47
-10.239,-40.534
-10.084,-40.405
-7.2491,-39.409
-6.9537,-39.555
-6.9889,-39.648
-7.4141,-39.785
-10.042,-40.37
-10.248,-40.396
-10.306,-40.415
-10.367,-40.433
-10.431,-40.423
-10.497,-40.425
-10.51,-40.452
-10.46,-40.469
-10.439,-40.457
-10.488,-40.423
-10.57,-40.366
-10.616,-40.31
-10.574,-40.295
-10.492,-40.247
-10.445,-40.237
-10.423,-40.351
-10.371,-40.518
-4.7169,-41.35
-5.0736,-41.038
-8.8876,-40.911
-9.0577,-41.036
-8.9603,-41.15
-8.8413,-41.162
-8.7045,-41.006
-8.3838,-40.828
-5.7402,-40.855
-4.6748,-41.236
-2.1443,-41.484
-1.6618,-41.467
-0.2403,-42.025
0.33083,-42.154
1.3076,-41.83
1.8943,-41.468
2.1034,-41.256
1.9973,-41.367
1.7708,-41.416
1.6059,-41.894
0.48839,-42.763
0.10858,-42.782
-0.36006,-42.825
-4.3412,-43.491
-7.9815,-40.674
-8.0284,-40.553
-8.0123,-40.57
-7.7468,-40.464
-7.4078,-40.361
-7.1252,-40.323
-6.9507,-40.298
-6.8699,-40.272
-6.7408,-40.237
-6.5874,-40.192
-6.4967,-40.191
-6.5041,-40.187
-6.5919,-40.225
-10.392,-37.528
-10.273,-36.701
-9.9449,-35.74
2.884,-30.242
6.6125,-9.0075
5.945,-7.7148
16.608,10.289
16.652,10.225
17.034,12.237
16.604,19.715
17.225,19.314
30.285,9.9209
30.195,9.7655
27.988,8.4778
26.831,7.4385
21.949,9.0231
21.913,7.3139
1.9062,-31.352
1.737,-31.724
1.8746,-31.961
2.6245,-39.26
1.7212,-40.24
-2.109,-41.764
-3.2829,-42.84
-2.5251,-41.85
-8.2419,-42.375
-4.3101,-40.675
-8.8223,-40.805
-8.2419,-42.375
-2.1435,-42.033
0.78117,-43.322
1.3597,-43.29
1.4754,-43.17
1.6027,-42.924
3.3479,-42.358
3.3953,-42.37
2.3268,-42.868
2.5043,-43.61
2.6078,-43.78
2.5892,-43.802
2.6387,-43.51
3.5906,-42.438
3.8883,-42.444
1.1635,-39.729
-0.43532,-39.911
-1.5935,-39.074
-2.0115,-38.648
-2.2016,-38.359
-0.089545,-38.26
-2.038,-38.355
1.923,-40.361
1.7686,-39.637
10.979,-37.687
6.2144,-36.131
4.8623,-27.849
4.394,-27.412
10.358,-17.414
10.399,-17.842
20.657,0.007701
19.414,-0.43036
17.719,-1.9286
17.73,1.7844
17.842,1.6121
14.692,3.6501
14.288,3.3118
9.9985,-3.8741
9.8504,-3.9121
9.6476,-4.6435
12.398,-10.468
10.95,-18.308
7.845,-24.546
-0.26092,-25.034
-4.466,-28.739
-6.2843,-30.036
-6.7822,-30.6
-7.7821,-31.622
-7.9949,-31.836
-7.959,-31.754
-7.5855,-31.356
-3.8698,-26.925
-3.3539,-26.204
-0.3559,-24.998
6.1215,-16.96
12.246,-13.081
22.779,6.4117
23.157,6.8164
23.557,7.2128
26.614,12.896
26.703,13.343
25.815,12.303
20.993,1.7681
22.587,-4.0421
9.5934,-1.9362
2.5821,1.5874
-2.1683,-9.8664
3.5886,-1.5123
9.0088,3.0493
9.6445,3.474
10.159,5.4054
10.095,7.1037
9.3977,7.917
8.7845,6.9475
8.3,6.3476
6.2544,4.3635
-3.3155,-3.502
-3.4592,-5.0428
-1.1607,2.4948
12.617,10.743
12.609,11.19
12.725,11.26
12.779,11.308
12.783,11.343
12.74,11.373
12.742,11.4
12.826,11.584
15.891,21.737
15.179,22.754
14.978,23.34
13.926,23.302
13.586,23.245
14.06,22.351
8.3897,14.368
3.5925,9.8044
-0.55961,6.4893
-10.39,-3.46
-12.48,-3.6834
-2.0431,5.7632
-0.99046,6.2471
2.234,9.8055
5.151,13.211
5.0896,13.423
-2.6916,6.3167
-4.4043,6.3794
-5.215,6.0225
-10.199,-1.1836
-15.554,-2.0927
-15.796,-2.0549
-18.746,-7.3405
-20.752,-6.138
-21.668,-5.6598
-30.106,-11.078
-30.159,-11.551
-24.314,-15.143
-17.355,-20.288
-2.5178,-16.426
-3.9194,-19.724
-3.5866,-19.926
-3.5181,-19.969
-3.6105,-19.967
-3.8041,-19.909
-3.9103,-19.86
-4.1051,-19.719
-14.791,-27.502
-15.341,-27.628
-9.7766,-34.943
-9.4655,-35.155
-9.2627,-35.281
-9.1602,-35.324
-6.8426,-35.456
-4.1802,-33.315
-3.9424,-33.154
-3.8559,-33.158
-3.5063,-33.191
-3.1996,-33.189
-2.588,-32.953
2.1152,-37.836
3.9771,-39.322
4.1684,-39.596
4.341,-39.788
4.4224,-39.959
4.5645,-40.103
4.7417,-40.203
5.0546,-40.134
5.6274,-40.076
6.7231,-40.854
6.9706,-41.037
7.203,-41.136
7.3621,-41.214
7.4669,-41.28
7.5235,-41.312
7.5067,-41.28
7.3928,-41.247
7.1447,-41.233
6.7852,-41.266
5.9984,-42.251
5.6875,-42.314
5.5704,-42.251
5.2698,-42.491
5.1221,-42.704
5.0401,-42.767
5.0074,-42.744
5.0129,-42.662
5.1067,-42.63
5.4688,-42.605
5.9695,-42.807
6.0446,-42.896
5.9868,-42.872
-2.0329,-37.934
-2.0847,-37.779
-2.3801,-37.566
-2.4675,-37.501
-5.2296,-34.508
-5.5185,-34.467
-5.9305,-34.48
-5.7555,-34.671
-1.7642,-36.804
-0.021476,-35.681
5.8027,-28.663
11.529,-23.373
11.723,-22.928
8.1665,-20.444
30.799,2.2858
30.793,2.7814
30.854,3.1222
31.169,4.1694
31.06,4.1263
30.026,2.8636
29.706,1.837
28.962,-5.1561
24.574,-20.05
12.304,-24.235
12.303,-24.279
12.832,-28.877
11.671,-30.224
9.1079,-40.735
7.4705,-41.285
6.598,-40.835
4.7005,-40.733
4.5338,-40.946
4.3585,-42.067
4.1665,-42.508
4.1355,-42.699
4.2161,-42.897
4.4108,-43.149
4.4228,-43.099
4.3813,-42.94
4.6701,-43.55
4.6382,-43.642
4.514,-43.547
4.3766,-43.32
4.2289,-43.155
3.7858,-42.79
3.4743,-42.495
3.4786,-42.632
3.6408,-42.801
4.7414,-44.108
4.8144,-44.298
4.7687,-44.302
4.5751,-44.041
2.8635,-41.73
2.8502,-41.705
2.8323,-41.713
2.9431,-41.796
3.1704,-41.901
4.9355,-43.923
5.0169,-44.038
5.1119,-44.049
5.4657,-43.973
6.2583,-43.81
6.6262,-43.338
6.7619,-43.701
6.4415,-43.66
6.3276,-43.747
11.281,-40.993
11.586,-40.73
15.405,-30.387
16.885,-29.489
17.879,-25.995
20.989,-22.052
33.9,-2.1853
34.572,-1.877
37.461,-1.4706
37.489,-1.5327
34.299,-1.8855
32.161,-4.6815
25.295,-6.9207
23.18,-19.752
22.96,-20.317
16.634,-23.995
10.44,-25.958
10.634,-30.208
10.363,-31.758
7.5009,-35.521
5.9285,-35.192
3.6807,-32.306
3.6644,-31.95
5.6641,-27.747
10.856,-30.35
15.057,-29.471
11.314,-16.815
23.335,-8.908
20.67,-6.9597
19.355,-0.22469
20.936,0.094554
20.915,0.060867
20.859,0.14397
19.249,-1.7373
9.2759,-12.48
8.4263,-10.956
8.3111,-10.56
9.7727,-12.484
10.912,-16.672
11.209,-17.557
11.533,-18.492
12.189,-20.274
11.154,-25.299
11.144,-25.609
11.278,-25.704
11.334,-25.597
11.235,-21.748
9.4866,-12.463
31.647,6.9922
31.432,7.0996
33.317,10.403
32.407,6.7134
31.373,6.8702
0,-11.035
6.331,-26.108
4.9707,-27.885
-3.7585,-30.683
-4.4375,-32.602
-7.2503,-35.153
-7.1743,-35.036
-7.1444,-35.022
-4.4033,-33.3
-5.009,-31.86
-5.1614,-31.614
-5.114,-31.54
-4.8551,-31.57
-4.1452,-31.552
-3.8945,-31.922
-3.9558,-31.789
-4.0165,-31.587
-3.5662,-29.935
-3.1305,-29.53
-1.1791,-28.611
-7.682,-12.801
8.6315,-17.132
10.945,-13.047
18.272,-11.457
20.605,5.9443
20.855,0.14062
23.047,5.2441
22.394,5.8201
19.429,5.1713
16.884,1.7824
18.064,5.5333
17.762,6.1349
18.232,14.865
24.161,15.146
27.628,13.668
27.486,13.436
14.816,16.746
14.59,16.661
13.361,17.061
-12.853,-6.3334
-18.984,-11.242
-29.495,-9.4717
-29.689,-9.0282
-27.263,-13.103
-28.207,-12.783
-28.76,-12.849
-27.505,-14.413
-9.5579,-5.9301
17.503,16.996
17.393,17.161
22.635,18.45
24.327,19.845
24.279,21.707
24.218,21.663
24.102,21.456
24.278,17.523
29.303,17.977
25.658,16.301
25.663,16.214
25.392,15.833
24.974,15.328
21.435,12.193
12.839,6.1003
2.3278,-5.0264
-4.8502,-16.687
-6.5936,-19.116
-11.102,-28.726
-11.195,-28.785
-11.381,-28.92
-11.727,-28.528
-12.151,-27.924
-15.331,-27.047
-17.112,-29.283
-17.542,-29.758
-19.572,-29.974
-24.461,-25.598
-25.395,-25.452
-25.725,-25.18
-26.85,-24.06
-27.167,-23.545
-27.361,-23.491
-33.647,-22.931
-34.497,-21.749
-34.643,-21.767
-34.652,-21.901
-34.662,-21.961
-34.675,-21.989
-34.665,-21.967
-34.664,-21.966
-34.655,-21.923
-34.64,-21.828
-34.56,-21.725
-34.545,-21.66
-34.681,-21.517
-34.86,-21.377
-34.783,-21.454
-34.761,-21.332
-34.774,-21.348
-34.859,-21.238
-34.965,-21.085
-34.999,-21.016
-35.058,-21.223
-34.795,-21.438
-34.476,-21.485
-34.086,-21.533
-33.914,-21.58
-33.82,-21.547
-33.411,-21.404
-32.116,-21.609
-30.622,-22.069
-26.797,-23.416
-22.567,-26.061
-22.33,-26.183
-22.332,-26.214
-22.284,-26.345
-22.254,-26.518
-22.594,-26.709
-22.667,-27.284
-22.887,-27.405
-23.081,-27.617
-23.471,-27.925
-23.703,-28.081
-23.952,-28.226
-24.077,-28.336
-24.156,-28.446
-24.206,-28.323
-24.303,-28.161
-25.593,-25.324
-27.165,-24.07
-27.59,-23.24
-27.848,-22.858
-28.036,-22.556
-28.586,-21.383
-28.705,-21.072
-28.823,-20.736
-29.034,-20.519
-29.218,-20.44
-29.344,-20.396
-29.491,-20.361
-29.583,-20.414
-29.537,-20.655
-29.453,-20.945
-29.362,-21.113
-29.311,-21.181
-29.45,-21.194
-26.997,-22.626
-25.961,-21.625
-25.316,-21.715
-25.196,-21.703
-25.749,-21.412
-25.952,-21.57
-25.83,-22.232
-25.706,-22.434
-25.752,-22.595
-26.076,-22.538
-26.431,-22.361
-31.832,-14.783
-35.797,-15.339
-36.061,-15.503
-36.303,-15.75
-36.356,-15.81
-36.076,-15.503
-35.575,-15.322
-27.654,-17.343
-25.773,-22.524
-24.909,-23.045
-24.878,-22.96
-24.804,-22.868
-24.671,-22.558
-23.764,-23.902
-22.423,-23.832
-22.514,-25.07
-22.479,-25.248
-22.45,-25.246
-22.178,-25.241
-15.176,-30.012
-14.802,-29.761
-10.919,-29.279
-13.906,-37.308
-1.6373,-20.855
-1.2859,-20.693
-2.0776,-19.587
2.6465,-3.1417
12.143,2.3883
13.161,2.9149
17.781,3.0411
18.493,3.1914
21.898,2.0092
21.967,1.9534
18.446,3.2324
13.48,1.3966
8.0683,-2.2968
8.2516,-2.6245
12.641,-10.223
13.856,-5.7622
14.174,-5.6036
15.669,-2.8797
18.659,3.8546
16.259,20.854
23.24,11.012
17.302,13.713
8.936,7.458
8.45,6.9563
8.3201,6.7859
-4.5168,2.0463
6.532,-23.963
5.8799,-22.885
5.8588,-22.662
5.8875,-23.162
6.0639,-23.361
24.946,-6.2877
24.704,-3.976
1.0608,1.7203
-0.23548,1.5959
-7.0155,-2.6044
-3.9906,1.9841
0.50418,12.296
0.62164,14.087
0.64444,14.392
0.79412,14.543
0.80434,14.472
0.93533,13.034
0.79822,13.023
2.2763,9.2187
-2.9229,0.62232
-3.4986,0.83307
-3.9023,0.42026
-3.9424,0.45465
-3.9176,0.774
-3.9038,1.3875
-19.41,-15.881
-16.435,-15.216
-18.036,-15.308
-18.044,-15.442
-17.452,-15.18
-17.152,-15.102
-22.511,-18.628
-26.253,-17.377
-27.363,-17.866
-27.701,-20.14
-27.962,-20.734
-28.322,-21.172
-30.538,-21.677
-30.459,-21.769
-26.276,-15.904
-7.8065,-21.154
-18.349,-30.566
-21.977,-22.344
-25.949,-23.422
-21.878,-20.59
-20.711,-4.0393
-9.5182,-4.0408
2.6104,2.4417
6.8028,16.733
7.2587,16.801
7.6093,16.817
10.283,16.61
10.282,16.48
8.6687,14.396
3.595,4.5126
4.2039,3.7463
6.378,2.7933
11.125,6.0184
6.7469,3.166
5.5112,3.1092
4.3862,-4.1452
3.4978,-4.3956
-7.4055,-4.8614
2.0696,-6.039
3.3875,5.632
14.357,13.639
14.662,14.187
14.78,14.859
15.143,14.612
15.094,13.903
15.642,11.297
2.5969,4.2707
-5.4045,-17.049
-10.416,-4.2922
-12.717,0.39073
-18.889,-12.629
-18.981,-13.093
-22.497,-18.156
-25.493,-17.523
-24.931,-18.256
-24.693,-18.522
-23.857,-18.437
-19.63,-15.023
-19.45,-14.924
-19.464,-14.764
-19.634,-14.622
-20.219,-15.206
-30.775,-13.149
-35.633,-7.1575
-35.465,-6.9791
-35.445,-6.8675
-35.485,-6.7322
-35.59,-6.5437
-35.813,-6.2556
-37.36,-4.1652